Original name,Name (key),Crop,Stage,Treatment,Rate (lb/ac),Rate (note),Sand-Silt-Clay,Sand-Silt-Clay (note),OM,pH,Nitrate N,Po4P of pH < 6,Po4P of pH > 6,Potassium,Magnesium,Calcium,Sulfur,Zinc,Manganese,Copper,Iron,Boron,Potassium (CEC),Magnesium (CEC),Calcium (CEC),Sodium (cation) (CEC),Hydrogen (cation) (CEC),Total CEC (CEC),SO4 (conductivity),Chlorine (conductivity),Sodium (conductivity),EC (conductivity),Fizz Test (conductivity),Water Soluble Carbon,H2O Capacity %,Orthophosphate-p (H3A Extraction),Phosphorous (H3A Extraction),Potassium (H3A Extraction),Magnesium (H3A Extraction),Calcium (H3A Extraction),Sodium (H3A Extraction),Iron (H3A Extraction),Aluminum (H3A Extraction),Nitrate (WSE),Ammonical Nitogen (WSE),Orthophosphate-P (WSE),Carbon (WSE),Total Nitrogen (WSE),CO2C Burst (Haney),Organic carbon (Haney),Organic nitrogen (Haney),Organic C/N ration (Haney),Haney Test,Nitrogen Credit via Haney,Alternaria (Pathogen),Collectotrichum (Pathogen),Clindrocarpon (Pathogen),Fusarium (Pathogen),Phytophthora (Pathogen),Pythium (Pathogen),Rhizoctonia (Pathogen),Stemphyllium (Pathogen),Verticillium (Beneficial),Macrophomina (Beneficial),Bptryosphaeria sp. (Beneficial),Aspergillus (Beneficial),Cladosporium (Beneficial),Penicillium (Beneficial),Rhizopus (Beneficial),Trichoderma (Beneficial)
Mission Spinach  8/5/19,Mission,Spinach,Pre-Novium Aplication,Control,0,,51-26-23,,2.8,6.8,19.8,,16.8,233.4,579.3,2298.9,58.5,0.7,48.7,1.6,35.8,1.4,3.3,26.9,64.1,3.5,2,17.6,175.5,51.9,146.4,0.8,1,,54.7,127.7,138,107,196,567,116,54,136,31,1,7.44,82.8,37,37,82.8,5,16.6,5,12,ND,ND,ND,++,ND,+,+,ND,ND,,,+,ND,++,ND,ND
Mission Spinach  9/10/19,Mission,Spinach,Mid-Growth,Control,0,,46-30-24,,2,6.3,63,,28.8,120.9,436.2,1744.5,21.7,0.5,39.9,1.5,23.3,0.7,2.2,25.9,62,2.8,7,13.1,65.1,19.4,93.1,0.7,1,64.1,41.2,85.2,96,87,150,468,86,37,86,66,1.8,8.82,64.1,71.6,28,64.1,3.8,16.9,3.8,11,ND,ND,ND,++,ND,+,ND,ND,ND,,,++,ND,++,+,ND
Mission Spinach  9/16/19,Mission,Spinach,Harvest,Control,0,,50-28-22,,2.4,6.9,12.6,,24.3,170.3,406,1387.9,13.3,0,18.6,1.3,35.3,0.7,3.9,30.5,62.5,2,1,11,39.9,9.6,53.1,0.4,1,90.5,42.6,114.4,116,115,169,469,66,50,103,11,1.8,9.44,90.5,16.5,65,90.5,3.7,24.5,7.8,11,ND,ND,ND,+,ND,ND,++,ND,ND,,,+,ND,+,+++,ND
Mission Spinach  10/11/19,Mission,Spinach,Fallow,Control,0,,44-32-24,,1.6,7,15.3,,11.3,186.9,566.1,2563.3,56.7,0.4,16.4,1.5,18.6,1.7,2.6,25.3,68.8,3.3,0,18.6,170.1,46.6,141.5,0.8,1,,44.5,140.2,141,88,184,216,130,39,110,33,1.7,1.71,83.5,35.1,86,83.5,0.4,208.8,9.5,4,ND,ND,ND,++,ND,++,+++,ND,+,,,+++,ND,+++,ND,ND
Mission Spinach  11/7/19,Mission,Spinach,Fallow,Control,0,,48-30-22,,1.4,7.5,43.1,,10.4,200.3,482.3,2515.7,72.5,0,19.2,1.1,19.1,1.5,2.9,22.6,70.7,3.7,0,17.8,217.5,69.8,152.5,0.8,1,,41.9,114.5,115,69,157,376,103,32,88,39,2.6,5.53,113.5,43.3,50,113.5,1.7,66.8,6.3,9,Not tested,Not tested,Not tested,Not tested,Not tested,Not tested,Not tested,Not tested,Not tested,Not tested,,Not tested,Not tested,Not tested,Not tested,Not tested
Mission Spinach  4/27/20,Mission,Spinach,Mid-growth Brassicas,Control,0,,46-30-24,,2.6,7.4,39.6,,19,191.5,472.9,2563.3,48.7,0.5,20.8,1.2,17.7,1.4,2.8,22.3,72.5,2.3,0,17.7,146.1,25.2,94.4,0.7,1,,,65.8,81,67,106,323,54,36,70,48,2,4.97,102.6,65.8,44,102.6,15.8,6.5,7,36,ND,ND,ND,++,ND,++,ND,++,ND,,,++,++,++,++,ND
Mission Spinach Lot 11  8/6/20,Mission,Spinach,Harvest,Control,0,,44-28-28,,2,6.9,27.9,,28.6,276,622.4,3032,80.8,BDL,32.5,2.1,34.4,2,3.2,23.5,68.6,3.7,1,21.9,242.4,83.3,189.5,1.1,1,,,88,93,89,143,415,90,60,112,33,2.5,5.33,202.8,38,62,202.8,2.5,81.1,8.5,10,,,,,,,,,,,,,,,,
Mission Spinach 8/5/19,Mission,Spinach,Pre-Novium Aplication,Novihum,700,,54-20-26,,2.4,7.4,24.5,,14,202.4,472,2583.7,75.9,0.4,30.4,1.8,28,1.6,2.9,21.8,71.6,3.6,0,18,227.7,65.1,152.1,0.8,1,,56.8,141.5,151,93,173,587,118,54,114,40,1.5,3.97,81.5,46.6,30,81.5,5.1,16,4.3,13,ND,ND,ND,+,ND,++,ND,ND,ND,,,++,ND,++,ND,ND
Mission Spinach  9/10/19,Mission,Spinach,Mid-Growth,Novihum,700,,56-24-20,,1.7,7.7,51.9,,13,71.5,293.2,1917.6,34.5,0.2,15.5,1,18.9,1,1.5,19.5,76.4,2.6,0,12.5,103.5,30.1,75.8,0.7,1,65.2,45.88,150.3,167,106,160,522,102,46,95,74,2.2,5.56,65.2,77.6,35,65.2,1.4,46.6,4.3,7,ND,ND,ND,++,ND,++,ND,ND,ND,,,++,ND,++,+++,ND
Mission Spinach  9/16/19,Mission,Spinach,Harvest,Novihum,700,,47-28-25,,2.4,7.6,29.2,,21.2,149.3,415.2,1827.2,29.8,0,13.8,1.3,22.4,1.1,2.9,26,68.7,2.3,0,13.3,89.4,25.1,72.1,0.5,1,116.3,44.5,133.5,136,127,196,516,70,56,114,16,1.9,8.58,116.3,21.5,121,116.3,3.6,32.3,13.6,11,ND,ND,ND,++,ND,ND,++,ND,ND,,,+,ND,+,+++,ND
Mission Spinach  10/11/19,Mission,Spinach,Fallow,Novihum,700,,54-26-20,,1.3,7.1,20.2,,12,190.8,435.4,2460.2,58.8,0.7,15.7,1.5,21.3,1.7,2.9,21.3,72.2,3.6,0,17,176.4,61.1,141.9,0.9,1,,42.1,116.3,118,72,116,123,76,34,72,39,1.1,1.06,81.6,41.2,53,81.6,1.1,74.2,6.2,4,ND,ND,ND,+,ND,++,ND,ND,ND,,,++,ND,++,+++,ND
Mission Spinach  11/7/19,Mission,Spinach,Fallow,Novihum,700,,56-28-16,,1.2,7.7,52.3,,12.5,201.3,390,2574.3,48.1,0.2,9,1,16.3,1.5,3,18.9,74.7,3.4,0,17.2,144.3,68,134.8,0.8,1,,46.9,141.5,143,81,160,532,107,38,87,45,2.6,4.57,120,48,21,120,0.4,300,3.3,6,Not tested,Not tested,Not tested,Not tested,Not tested,Not tested,Not tested,Not tested,Not tested,Not tested,,Not tested,Not tested,Not tested,Not tested,Not tested
Mission Spinach Lot 11  4/27/20,Mission,Spinach,Mid-growth Brassicas,Novihum,700,,58-24-18,,2,7.6,82.2,,17.3,150.1,303.8,2318.8,46.8,0.5,14.7,1.2,16.7,1.3,2.6,17,78.4,1.8,0,14.8,140.4,2.8,62.6,1,1,,,105.1,116,79,104,360,54,40,71,136,11.1,3.16,85,188.2,34,85,41.1,2.1,4.7,104,ND,ND,ND,++,ND,+,ND,ND,ND,,,++,++,++,++,ND
Mission Spinach Lot 11  8/6/20,Mission,Spinach,Harvest,Novihum,700,,58-22-20,,1.5,7.3,2.9,,12.9,218.1,368.1,2839.1,65.4,BDL,18.6,1.8,28.9,1.8,3,16.7,77.1,3.1,0,18.4,196.2,73.6,132.1,0.7,1,,,117.3,118,84,111,422,79,49,78,8,2,4.28,194.3,15.7,8,194.3,5.7,34.1,3.3,6,,,,,,,,,,,,,,,,
Mission Romaine  7/29/19,Mission,Romaine,Pre-Novium Aplication,Control,0,,38-36-26,,2.7,7.4,17.2,,25,175.5,524.1,2298.6,49.2,0.2,19.8,1.5,15.5,1.5,2.6,25.6,67.4,4.3,0,17.1,147.6,83.6,170.2,0.8,1,,52,37.5,43,44,116,450,86,19,81,17,0.7,7.17,84.1,25,44,84.1,7.3,11.5,6,16,ND,ND,ND,++,ND,++,+,ND,ND,,,+,ND,+,++,ND
Mission Romaine  9/10/19,Mission,Romaine,Mid-Growth,Control,0,,40-36-24,,1.9,7.8,10.8,,25.4,91.3,359.3,2037.8,12.9,0.3,18.4,1,13.6,1,1.7,21.7,73.7,2.9,0,13.8,38.7,27.9,93.5,0.5,1,73.7,43.2,70.7,80,84,178,518,123,41,147,18,0.6,11.89,73.7,23.7,39,73.7,5.1,14.5,5.1,11,ND,ND,ND,++,ND,++,ND,ND,ND,,,++,ND,++,+,ND
Mission Romaine  10/11/19,Mission,Romaine,Mid-Growth,Control,0,,38-38-24,,1.5,6.7,21.1,,35.4,210.9,500.9,2549.7,37.8,1.3,18.3,1.8,20.5,1.8,2.9,22.4,68.3,3.3,3,18.1,113.4,39.2,142,0.7,1,,,50.3,52,65,130,129,71,22,96,101,1.4,1.41,70.5,104.6,59,70.5,2.2,32.1,6.8,7,ND,ND,ND,++,ND,+++,++,ND,ND,,,++,ND,++,++,ND
Mission Romaine  10/25/19,Mission,Romaine,Harvest,Control,0,,40-38-22,,1.6,7.4,19,,23.9,156,427.4,2170.1,24.6,0.3,12.3,1,20.3,1,2.6,23.2,70.7,3.3,0,15.3,73.8,25.5,119.5,0.5,1,,41.9,58.9,60,53,156,211,92,27,113,23,4.2,11.25,93.8,28.5,61,93.8,1.3,72.2,7.2,11,ND,ND,ND,++,ND,+++,++,ND,ND,,,++,ND,++,++,ND
Mission Lot 99  4/27/20,Mission,Romaine,Mid-growth Peas,Control,0,,40-36-24,,2.5,8,7.1,,51.3,186.7,423.1,2140.2,<0.1,0.5,15.7,1.2,18.6,1.7,3.2,23.4,70.8,2.5,0,15.1,0,<0.1,89.2,0.2,1,,,47.5,53,69,115,314,64,36,15,9,0.4,12.67,131.3,23.3,46,131.3,13.9,9.5,7.3,29,ND,++,ND,+++,ND,+++,+,ND,ND,,,+,ND,+,++,ND
Mission Lot 99  8/6/20,Mission,Romaine,New-planting,Control,0,,40-34-26,,1.8,7.1,46.6,,10.6,249.7,493.9,2788.7,24.6,BDL,28.5,2,35.1,2.2,3.3,21.4,72.4,2.8,0,19.2,73.8,22.5,124.8,0.8,1,,,62.4,70,93,148,478,83,59,150,48,2.5,9.54,222.1,52.5,63,222.1,2,111.1,8.7,9,,,,,,,,,,,,,,,,
Mission Romaine  8/5/19,Mission,Romaine,Pre-Novium Aplication,Novihum,700,,44-34-22,,2.3,7.5,21.2,,26.9,154,424.4,1977.3,32.6,0.2,16.3,1.4,14.9,1.4,2.7,24.5,68.6,4,0,14.4,97.8,62.7,135.5,0.6,1,,53.9,44.9,49,51,140,450,102,26,100,12,2,9.11,78.8,19.8,18,78.8,5.8,13.6,3.2,15,ND,ND,ND,++,ND,+,ND,ND,ND,,,+,ND,+,+,ND
Mission Romaine  9/10/19,Mission,Romaine,Mid-Growth,Novihum,700,,44-34-22,,2.8,7.9,9.7,,18.7,57.2,339.7,1917.7,20.5,0.3,17.9,1.1,16.7,1.2,1.1,21.9,74,2.9,0,12.9,61.5,27.8,88.2,0.4,1,76.5,49.3,52.3,58,62,147,456,100,28,109,17,1.1,13.75,76.5,23.5,13,76.5,5.4,14.2,2.6,10,ND,ND,ND,++,ND,++,ND,ND,ND,,,++,ND,++,+++,+
Mission Romaine  10/11/19,Mission,Romaine,Mid-Growth,Novihum,700,,40-38-22,,1.4,7,24.6,,31.5,156.6,476.8,2636.8,51.4,0.8,12.5,1.4,16.8,1.8,2.2,21.9,72.6,3.2,0,18.2,154.2,59.5,136.1,0.9,1,,,43.4,44,53,125,112,83,22,91,97,1.4,1.41,65.2,99.2,40,65.2,0.8,81.5,4.7,4,ND,ND,ND,+,ND,++,++,ND,ND,,,++,ND,++,++,ND
Mission Romaine  10/25/19,Mission,Romaine,Harvest,Novihum,700,,38-40-22,,1.6,7.3,24,,20.1,167.2,452.4,2322.7,17,0.3,13.9,1,22.3,1.1,2.6,23.1,71,3.2,0,16.3,51,28.5,123.1,0.6,1,,48.9,41.9,43,49,129,122,77,24,102,28,4,8.4,82.5,32.3,71,82.5,0.3,275,8,9,ND,ND,ND,+,ND,++,++,ND,ND,,,++,ND,++,++,ND
Mission Lot 99  4/27/20,Mission,Romaine,Mid-growth Peas,Novihum,700,,44-34-22,,2.3,7.9,9.4,,26.5,162.3,379.9,2011.2,18.9,0.6,14.1,1.2,20.3,1.6,3,22.6,71.8,2.6,0,14,56.7,<0.1,83.8,0.2,1,,,31.6,36,55,88,329,5,28,79,13,0.02,12.44,121,26.1,4,121,12.9,9.4,6.5,26,ND,+,ND,+,ND,ND,+,ND,ND,,,+,ND,+,++,ND
Mission Lot 99  8/6/20,Mission,Romaine,New-planting,Novihum,700,,44-32-24,,1.4,7.2,26.2,,29.7,218.2,478.9,2611.5,27.8,BDL,26.5,1.8,32.4,2.1,3.1,21.9,71.5,3.4,0,18.2,83.4,47.2,146.2,0.7,1,,,52.2,60,81,142,430,100,47,135,16,1.8,8.64,128.9,18.8,32,128.9,1,128.9,4.6,6,,,,,,,,,,,,,,,,
Mellon Farms Lettuce  9/10/10,Mellon,Lettuce,,Control,0,,47-21-22,,2.6,8.3,8.1,,7.7,257.2,661.7,3998.6,79.7,0.8,8.3,2.3,10.7,0.9,2.4,20.4,74.1,3,0,27,239.1,21.9,186.9,0.5,1,,,130,126,106,158,354,57,71,105,19,1.9,18.12,79.8,18.6,49,71.8,1.6,40.5,4.2,5,ND,ND,ND,+,ND,+,+,ND,ND,,,+,ND,ND,+,ND
Mellon Farms Lettuce  9/10/19,Mellon,Lettuce,,Novihum,700,,54-22-22,,3,8.3,10.7,,10.9,298,747.9,4545.5,6.5,1,9.3,2.2,12.1,1,2.5,20.3,74.1,3,0,30.7,19.5,23,214,0.6,1,,,147.7,138,75,140,407,47,36,111,31,1,5.96,28.2,48.7,27,38.2,1.1,53.8,4.1,5,ND,ND,ND,ND,ND,++,+,ND,ND,,,+,ND,ND,+,ND
Melon Farms Barley  06/10/20,Mellon,Barley,Harvest,Control,0,,62-11-21,,1.6,8.1,5.3,,10.5,164.4,373,2094.9,11,0.3,5.5,1.5,14.3,1.1,2.9,21.5,72.5,3,0,14.4,33,38.2,100.2,0.5,1,,41,97,140,98,99,894,69,14,74,28,2.1,1.1,235.2,33.8,43,215.6,10.9,29.1,9.1,25,,,,,,,,,,,,,,,,
Mellon Farms Barley  6/10/20,Mellon,Barley,Harvest,Novihum,700,,53-22-23,,1.8,8.2,5.2,,11.3,209.3,414.8,2290,10.5,1.6,6.6,1.9,17.1,1.4,3.4,21.7,71.8,3.1,0,15.9,31.5,42.4,115.7,0.6,2,,46,114.3,123,61,100,1074,54,15,101,16,1.4,1.5,200.3,24.1,36,207.3,7.9,28.2,6.6,15,,,,,,,,,,,,,,,,
Crain Farms Almonds  9/23/20,Crain,Almond,Fall,Control,0,,56-26-18,,5.1,5.9,30.3,8.8,,91.7,517.2,1872,54.6,1.9,29.9,4,96.4,0.8,1.5,27,58.7,1.7,11,14.2,163.8,86.3,64.1,1.6,1,,18.9,26,40,177,344,42,84,62,172,4.1,3.6,453,146.8,111,453,0.7,647.1,15.7,10,,,,,,,,,,,,,,,,,
Crain Farms Almonds NH 700 9/23/20,Crain,Almond,Fall,Novihum,700,,60-20-20,,4.6,5.9,54.1,8.8,,90.2,497.3,1874.9,68.4,2,26.3,5,96.7,0.9,1.5,26.2,59.1,2.1,11,14.1,205.2,103,79,2.1,1,,14.7,20,31,136,228,36,59,45,170,3.9,3.87,445.7,174.2,105,445.7,0.3,1485.7,15,8,,,,,,,,,,,,,,,,,
Crain Farms Almonds NH 1200 9/23/20,Crain,Almond,Fall,Novihum,1200,,62-20-18,,4.3,5.9,46,26.4,,105.6,456.7,1744.9,29.8,10.5,8.5,1.3,14.4,2.25,1.9,26.1,59.8,1.2,11,13,89.4,56.9,42.1,1.4,1,,18.3,23,43,153,229,29,73,51,62,1.7,2.61,269.6,65.6,86,269.6,1.9,141.9,11.5,7,,,,,,,,,,,,,,,,,
Crain Farms Walnuts  9-20-19,Crain,Walnut,Fall,Control,0,,42-38-20,,2.9,6.5,58.4,,8.7,57.2,398,1593.1,31.5,10.6,20.1,2.3,37.4,0.4,1.2,27.2,65.4,1.1,5,11.6,94.5,21.7,32.6,0.7,1,,41.3,16.3,18,29,164,465,32,45,57,59,0.3,1.73,66.5,60.2,76,66.5,0.9,73.9,8.4,2,ND,ND,ND,++,++,ND,++,ND,ND,,,+,ND,+,+++,ND
Crain Farms Walnuts NH 700 9/20/19,Crain,Walnut,Fall,Novihum,700,,46-32-22,,3.1,6.1,96.3,,8.9,53.6,366.3,1444,31.4,4.7,24.1,2.4,46.8,0.4,1.2,26.4,62.3,1.1,9,10.5,94.2,33.7,29.7,0.9,1,,48.4,18.4,22,39,188,468,36,75,77,75,0.1,1.73,68.2,77,94,68.2,1.9,35.9,10.3,4,ND,ND,ND,++,++,ND,++,ND,ND,,,+,ND,+,+++,ND
Crain Farms Walnuts NH 1200 9/20/19,Crain,Walnut,Fall,Novihum,1200,,48-32-20,,3.4,6,134.4,,8.2,50.4,354.7,1372,44.6,28.2,25.9,2.3,48.6,0.4,1.2,26.4,61.2,1.2,10,10.1,133.8,29.7,31.7,1.2,1,,43.1,23.1,26,35,199,485,37,63,58,157,0.7,2.85,124.5,159.6,94,124.5,1.9,65.5,10.8,5,ND,ND,ND,++,++,ND,++,ND,ND,,,+,ND,+,+++,ND
Crain Farms Walnuts  9/23/20,Crain,Walnut,Fall,Control,0,,42-32-26,,2.7,6.9,29.7,,16.9,114.3,612.7,2174.5,24.7,0.6,15.5,4,47.7,1.2,1.7,30.3,64.6,2.3,1,16.7,74.1,73.7,89.7,0.9,1,,,14.5,18,36,135,127,48,60,76,34,1.3,2.49,290.1,40.7,57,290.1,5.4,53.7,9.1,11,,,,,,,,,,,,,,,,
Crain Farms Walnuts NH 700 9/23/20,Crain,Walnut,Fall,Novihum,700,,46-30-24,,4,6.2,41,,9.9,95.6,569.3,2048.2,34.8,1.2,20.9,4.4,91.4,1.1,1.5,28.1,60.7,1.7,8,15.5,104.4,46.8,66.3,1,1,,,14.7,19,33,157,161,41,72,63,77,1.8,2.69,401.3,79.1,96,401.3,0.3,1337.7,13.6,4,,,,,,,,,,,,,,,,
Crain Farms Walnuts NH 1200 9/23/20,Crain,Walnut,Fall,Novihum,1200,,50-30-20,,4,6.2,64.7,,20,113.4,659.1,2425.3,66.1,2.4,28.6,4.1,93.8,1.2,1.5,27.5,60.8,2.1,8,18.3,198.3,86.9,100.4,2.5,1,,,19,23,36,199,186,54,68,56,231,3.5,2.94,369.8,245.1,51,369.8,10.6,34.9,9.9,19,,,,,,,,,,,,,,,,
JV Farms Ranch 310 Hemp  10/16/19,JV,Hemp,,Control,0,,50-38-12,,1.4,7.8,26.6,,12.4,90.8,321.8,2149.9,137,2.4,15.4,1.1,14.1,1.1,1.6,18.6,74.5,5.2,0,14.4,411,119,173.9,1,1,,44.5,135.4,142,44,212,1894,142,19,32,29,0.3,2.76,87.5,31.9,10,87.5,2.6,33.7,2.1,3,,,,,,,,,,,,,,,,
JV Farms Ranch 310 Hemp  10/16/19,JV,Hemp,,Novihum,700,est,52-36-12,,1.3,7.8,36.4,,14.5,84.4,303.6,2024.6,111.2,1.4,15.2,1,9.4,1,1.6,18.5,74,5.8,0,13.7,333.6,154.7,182.3,1.1,1,,44.5,175.8,188,47,232,1964,182,22,35,44,0.1,3.06,73.3,46.9,13,73.3,2.8,26.2,2.3,4,,,,,,,,,,,,,,,,
JV Farms 318 Dispersa,JV,Lettuce,Winter planting,Novihum,700,est,12-62-26,,3.4,8.2,18.6,,31,205.9,409,2653.3,28.2,0.1,7.7,6,20.6,1.8,2.9,18.8,73,5.3,0,18.2,84.6,97,223.1,0.7,3,,,149,153,145,323,4487,281,41,66,19,1.7,8.86,184.5,30.8,8,184.5,10.1,18.3,3.7,7,,,,,,,,,,,,,,,,
JV Farms 319 Dispersa,JV,Lettuce,Winter planting,Novihum,700,est,10-62-28,,3,7.9,38.2,,106.6,186.6,440.8,2778.5,61.3,0.4,8.5,6.6,23.3,1.7,2.5,19.3,72.8,5.3,0,19.1,183.9,94.7,233.3,1.2,3,,,140,150,113,298,4403,230,40,61,36,1.9,13.81,191.7,45.8,24,191.7,7.9,24.3,5.1,12,,,,,,,,,,,,,,,,
JV Farms 324,JV,Lettuce,Winter planting,Control,0,,16-54-30,,3.5,8,52.6,,60.3,280,422.8,2770.8,35.7,0.9,10.2,5.3,23,2,3.8,18.6,73.2,4.3,0,18.9,107.1,72.7,187.5,1.1,2,,,161,164,151,240,3723,143,35,57,46,1.4,13.19,202.2,57,50,202.2,9.6,21.1,8,22,,,,,,,,,,,,,,,,
JV Farms 318 Dispersa,JV,Lettuce,Winter Harvest,Novihum,700,est,16-58-26,,2.5,7.9,60,,19,270.5,524.8,3456.8,74.4,0.7,5.6,3.8,24.5,1.3,2.9,18.2,71.7,7.2,0,24.1,223.2,117.7,399.5,1.3,3,,,147.1,166,106,244,3138,210,32,50,28,2.5,3.91,133.1,32.5,31,133.1,2,66.6,4.6,9,,,,,,,,,,,,,,,,
JV Farms 319 Dispersa,JV,Lettuce,Winter Harvest,Novihum,700,est,12-62-26,,2.3,7.9,64.6,,26,294.4,587.7,3753.4,175.9,0.8,7,5,27.7,1.6,2.8,18.3,70.2,8.6,0,26.7,527.7,244.8,530.4,2,3,,,131.7,151,109,281,3681,283,35,52,27,1.7,4.45,146.6,30.2,23,146.6,1.5,97.7,3.9,5,,,,,,,,,,,,,,,,
JV Farms 324,JV,Lettuce,Winter Harvest,Control,0,,20-52-28,,2.6,8.3,26.9,,22.9,344.6,522.6,3628.5,24.2,0.5,5.9,3.5,25.9,1.5,3.6,17.8,74.1,4.4,0,24.5,72.6,45.4,247.8,0.7,3,,,136.3,142,135,250,3538,139,45,65,10,2.4,2.58,144.6,14.5,29,144.6,2.1,68.9,4.6,8,,,,,,,,,,,,,,,,
JV Farms 330 NH25,JV,Lettuce,Winter planting,Novihum,700,est,42-38-20,,2,8,17.2,,32.8,98.9,260.6,1990.6,17.7,0.5,9.8,1.7,16.9,1,2,17,77.7,3.2,0,12.8,53.1,47.4,95.5,0.6,3,,,115,116,65,190,2030,88,31,31,16,2.2,9.12,206.3,28,20,206.3,9.8,21.1,5,12,,,,,,,,,,,,,,,,
JV Farms 332 NH25,JV,Lettuce,Winter planting,Novihum,700,est,48-26-26,,2.9,7.9,43.7,,67,166.8,462.3,2781.1,35.2,0.9,8.9,5.8,23.2,1.3,2.3,20.3,73.2,4.2,0,19,105.6,44.1,185.9,0.9,2,,,128,129,74,218,2508,114,30,39,43,2.5,12.77,235,55.2,41,235,9.7,24.2,7.4,19,,,,,,,,,,,,,,,,
JV Farms 346 Dispersa,JV,Lettuce,Winter planting,Novihum,700,est,40-30-30,,3,7.9,35.6,,45.1,163.8,426.4,2613.4,23.4,0.7,10.4,6.5,19.4,1.5,2.4,20.1,73.9,3.5,0,17.7,70.2,66.4,144.5,0.9,2,,,187,189,75,207,2154,107,26,57,28,2,10.53,205.3,37.4,25,205.3,7.4,27.7,5.3,11,,,,,,,,,,,,,,,,
JV Farms 347,JV,Lettuce,Winter planting,Control,0,,52-24-24,,2.5,7.8,50.7,,42,169.2,353.6,2318.7,19.2,0.3,6.6,4.6,16.5,1,2.8,19,74.7,3.4,0,15.5,57.6,38.9,121.6,0.9,2,,,310,312,114,235,2316,128,36,67,39,1.6,10.5,169.8,46.8,20,169.8,6,28.3,4.3,9,,,,,,,,,,,,,,,,
Kalin Farms Onion after aplic  10/5/19,Kalin,Onion,"After Aplic, pre-plant",Control,0,,62-22-16,,1.7,7.8,27.8,,13.8,89.8,369.5,2337.9,79.7,0.6,6.2,0.7,11.6,1,1.5,19.7,74.6,4.1,0,15.6,239.1,75.6,149.7,0.7,1,,42.2,89.5,96,44,281,2755,165,16,37,28,0.2,2.52,110.8,29,7,110.8,0.8,138.5,1.9,1,ND,ND,ND,+,ND,ND,ND,ND,ND,ND,,++,ND,++,++,ND
Kalin Farms Onion after aplic NH-350 10/5/19,Kalin,Onion,"After Aplic, pre-plant",Novihum,350,,66-18-16,,1.8,7.7,26.7,,11.9,87.8,355.5,2351.4,64.6,0.7,7,0.7,13.3,1,1.4,19.1,75.6,3.8,0,15.5,193.8,81.7,139.2,0.7,1,,44.78,97.1,110,39,222,1501,130,13,31,27,0.3,3.03,103.2,28.5,16,103.2,1.2,86,2.8,2,ND,ND,ND,+,ND,+,ND,ND,ND,+,,++,ND,++,++,ND
Kalin Farms Onion after aplic NH-700 10/5/19,Kalin,Onion,"After Aplic, pre-plant",Novihum,700,,66-16-18,,1.8,7.7,31.9,,8.9,88.9,372.5,2494,73.4,0.6,6.3,0.7,11.6,1,1.4,18.8,75.4,4.4,0,16.5,220.2,114.9,169.3,0.8,1,,46.4,90.6,102,37,242,1808,181,14,33,43,0.2,1.15,90.5,44.5,11,90.5,1.3,69.6,2.1,2,ND,ND,ND,ND,ND,ND,ND,ND,ND,ND,,++,ND,++,++,ND
Kalin Farms Onion Mid-growth  2/28/20,Kalin,Onion,Mid-growth,Control,0,,56-24-20,,2.2,8.6,17.3,,7,65.7,359.5,1267.4,48.3,0.6,4.6,0.8,8,0.9,1.7,29.7,62.8,5.8,0,10.1,144.9,44.2,135.5,0.6,1,,,91.4,102,51,222,2733,117,22,32,22,1.2,2.04,175.1,28,5.3,175.1,4.8,35.6,2.8,4,,,,,,,,,,,,,,,,
Kalin Farms Onion Mid-growth NH-350 2/28/20,Kalin,Onion,Mid-growth,Novihum,350,,62-16-22,,2.4,8.6,16.3,,5.9,57.9,344.9,1220,39.5,0.7,4.4,0.7,10,0.8,1.5,29.7,62.9,5.8,0,9.7,118.5,34.2,130.9,0.6,1,,,96,104,51,232,2450,140,23,37,20,0.3,2.15,152.7,21.4,5.6,152.7,1.1,138.8,2.2,1,,,,,,,,,,,,,,,,
Kalin Farms Onion Mid-growth NH-700 2/28/20,Kalin,Onion,Mid-growth,Novihum,700,,66-14-20,,2.2,8.7,8.9,,5.4,59.1,290.3,1060.6,22.4,0.6,4.6,0.5,10.9,0.7,1.8,29.3,64.1,4.7,0,8.3,67.2,19.3,91.2,0.75,1,,,97.6,105,38,159,1186,71,18,33,17,1.4,2.42,168.2,20.9,6.1,168.2,2.5,67.3,2.5,4,,,,,,,,,,,,,,,,
Kalin Farms Onion Mid-growth  6/9/20,Kalin,Onion,Mid-growth,Control,0,,64-18-18,,1.2,7.9,15.6,,6.8,84.3,288.6,1894.2,43.7,<0.1,3.9,0.6,17.4,1,1.7,19.1,75,4.1,0,12.6,161.1,74,119.8,0.8,1,,45.1,76.1,78,35,178,1128,105,16,28,16,1.1,1.28,147.4,21.5,24,147.4,4.4,33.5,4.3,8,,,,,,,,,,,,,,,,
Kalin Farms Onion Mid-growth NH-350 6/9/20,Kalin,Onion,Mid-growth,Novihum,350,,66-14-20,,1.2,8,19.5,,6.9,85,287.1,1845.3,72.2,<0.1,3.6,0.6,16.1,1,1.8,19.4,74.6,4.2,0,12.4,216.6,77.1,120.3,0.9,1,,47.1,84.5,86,40,203,1257,128,18,33,12,1.3,1.36,148.6,18.5,26,148.6,5.2,28.6,4.6,10,,,,,,,,,,,,,,,,
Kalin Farms Onion Mid-growth NH-700 6/9/20,Kalin,Onion,Mid-growth,Novihum,700,,72-12-16,,1.6,7.9,17.9,,6.7,81.4,254.4,1698.9,41.2,<0.1,4,0.4,13.4,0.8,1.9,18.8,75.4,3.8,0,11.3,123.6,84.4,99.5,0.8,1,,46.05,113.7,117,40,171,781,107,18,34,12,1.2,1.24,133.5,16.5,24,133.5,3.3,40.5,4.1,7,,,,,,,,,,,,,,,,
Justin Estate  11/22/19,Justin,Vineyards,Pre-Novium Aplication,Control,0,,24-42-34,,4,7.6,8.2,,3.3,146.1,109,5554,9.2,0.3,13.9,0.9,10.6,0.7,1.3,3.1,94.9,0.6,0,29.2,27.6,5.2,44.9,0.3,1,,50.5,11.4,13,37,62,6360,30,3,35,9,0.8,1.04,111.8,15.1,51,111.8,5.3,21.1,6.7,12,,,,,,,,,,,,,,,,
Justin Creston Road,Justin,Vineyards,After Application ,Control,0,,22-38-40,,3.3,7.8,5.3,,3.9,203.2,151.1,661.1,36.5,0.1,12.3,1.1,15.3,1,1.5,3.6,94.2,0.7,0,35,109.5,<0.1,57.6,0.5,1,,,14.2,18,72,58,5689,26,8,40,12,0.9,0.86,161.6,29.1,38,161.6,16.2,10,7,32,ND,ND,ND,+++,+++,ND,ND,+++,ND,,,+++,ND,++,+++,ND
Justin Creston Road  9-8-20,Justin,Vineyards,After Application ,Control,0,,22-32-46,,5.2,8.2,6.2,,,225,418.4,6399.5,77.4,0,20.2,1.2,10.8,2.1,1.5,9.2,84.4,4.8,0,37.9,232.2,44.7,419.2,0.7,4,,,9.4,13,63,174,5909,250,13,53,3,1.2,1.28,253.7,13.3,25,253.7,9.1,27.9,5.9,10,,5.9,,,,,,,,,,,,,,
Justin Estate #1 11/22/19,Justin,Vineyards,Pre-Novium Aplication,Novihum,1000,,54-20-26,,3.2,6.5,14.7,,12.9,271.8,363.7,2083.2,46.4,1.1,39.1,1.4,32.1,0.5,4.6,20.1,69.1,1,5,14.3,139.2,25.3,36.8,0.5,1,,53.5,63.3,74,143,124,439,27,43,94,19,1.6,10.73,186.1,31.7,177,186.1,11.1,16.8,20.7,25,,,,,,,,,,,,,,,,
Justin Creston Road #1 4/23/20,Justin,Vineyards,Mid-growth,Novihum,333,,60-16-24,,2.5,6.7,12.5,,15.6,301.4,332.7,3417.9,2.3,1,32,1.6,65.5,0.6,3.6,13,79.9,0.4,3,20.7,6.9,<0.1,23.3,0.6,1,,,49.7,57,142,79,330,19,43,70,21,1.1,12.86,258.4,46.6,79,258.4,24.5,10.6,12.9,51,ND,ND,ND,++,+,ND,ND,ND,ND,,,++,ND,+,+++,ND
Justin Creston Road #1 9-8-20,Justin,Vineyards,Mid-growth,Novihum,333,,50-18-32,,3.7,7.5,7.4,,11.8,302,562.9,2186.8,16.3,1.6,22.2,1.4,22.1,1.3,4.6,27.8,64.6,2.9,0,16.9,48.9,24.8,115.4,0.3,1,,,34.6,46,113,157,310,71,38,88,5,1,5.3,276.9,14.9,50,276.9,8.9,31.1,8.7,15,,,,,,,,,,,,,,,,
Justin Estate #2 11/22/19,Justin,Vineyards,Pre-Novium Aplication,Novihum,1000,,48-20-32,,3.7,7.8,6.4,,9.8,326.7,520.7,3590.5,5.2,0.3,19.9,1.2,13.9,0.5,3.6,18.6,77.1,0.6,0,23.3,15.6,9.7,33,0.3,1,,55.5,62.3,70,100,124,481,21,23,96,7,1,4.57,123.8,15.4,149,123.8,7.4,16.7,16.9,17,,,,,,,,,,,,,,,,
Justin Creston Road #2 4/23/20,Justin,Vineyards,Mid-growth,Novihum,333,,38-24-40,,3.3,7.1,9.3,,16.4,564.6,696.1,3230.9,<0.1,0.7,19.6,1.8,29.3,1.5,6.1,24.5,68.2,1,0,23.7,0,<0.1,58.3,0.4,1,,,42.9,48,17,92,360,33,44,98,9,0.8,7.99,204.9,24.5,102,204.9,14.7,13.9,13.7,31,ND,ND,ND,++,+,ND,++,+,ND,,,++,ND,++ ,+++,ND
Justin Creston Road #2 9-8-20,Justin,Vineyards,Mid-growth,Novihum,333,,40-18-42,,4.9,7.1,16.7,,7.9,371.7,840.4,3433.9,44.6,0.9,27.9,1.9,20.6,1.6,3.7,27,66.1,3.1,0,25.9,133.8,83.4,187.2,0.6,1,,,35.8,43,96,131,319,95,41,113,9,1.3,2.16,209.7,16,51,209.7,5.7,36.8,7.8,14,,,,,,,,,,,,,,,,
Justin Mill Road #1  Block 5 4/23/20,Justin,Vineyards,Pre-Novium Aplication,Control,0,,40-20-40,,3.3,6.8,4.1,,17.6,381.1,980.8,3708.8,192.4,4.4,18,5.8,30.6,1.7,3,28.4,64.3,1.8,2,28.2,677.2,<0.1,123,1.1,1,,,37.8,43,97,154,468,61,56,154,9,1.2,4.72,170.5,20.8,89,170.5,10.6,16.1,11.7,24,ND,ND,ND,++,++,ND,++,ND,ND,++,++,++,ND,+,+++,ND
Justin Mill Road #2 Block 5 4/23/20,Justin,Vineyards,Pre-Novium Aplication,Novihum,1000,,42-20-38,,3.3,6.4,4.5,,19.3,364.9,753.1,4565.7,1180.9,7.3,22.3,9.3,42.5,2.3,2.9,19.2,69.8,2.1,6,30.7,3542.7,<0.1,160.4,2.2,1,,,41.9,52,115,155,542,71,58,146,10,2,4.56,159.8,22.8,93,159.8,10.8,14.8,12,26,ND,ND,ND,+,++,ND,++,++,ND,ND,++,+,ND,+,+++,+
Justin Mill Road #3 Block 6 4/23/20,Justin,Vineyards,Pre-Novium Aplication,Novihum,1000,,68-10-22,,1.9,7,15.2,,17.9,189.9,378.2,2057.4,55,3.6,9.2,4.6,23.3,1.6,3,22,71.9,2.6,0,14.3,165,<0.1,86.1,0.6,1,,,38.7,45,117,104,422,81,48,126,14,2.2,5.62,24,35,96,240.1,18.8,12.8,13.9,42,ND,ND,ND,+,++,ND,ND,++,ND,ND,++,++,ND,+,+++,++
Justin Mill Road #4 Block 8 4/23/20,Justin,Vineyards,Pre-Novium Aplication,Novihum,1000,,70-12-18,,2.2,6.2,8.2,,21,179.9,120.2,1665.3,194.5,9.9,19.3,8.2,53.2,1.2,4.2,9.1,76,2.5,8,10.1,583.5,<0.1,64.9,1.2,1,,,35.3,41,95,42,427,53,51,61,9,2.2,8.98,217.7,30.1,102,217.7,18.9,115,14.3,42,ND,ND,ND,+,++,ND,ND,++,ND,ND,++,++,ND,+,+++,+++
Justin Mill Road #5  Block 8 4/23/20,Justin,Vineyards,Pre-Novium Aplication,Control,0,,56-16-28,,2.3,6.7,16.5,,22,358.2,521.6,3212,506.2,5,21.6,63,26.4,1.7,4.1,19.5,72,1.2,3,21.6,1518.6,6,64.8,1,1,,,53.3,63,166,117,431,52,44,112,17,1.9,9.99,211,39.4,99,211,20.5,10.3,14.1,45,ND,ND,ND,+++,++,ND,++,+,ND,++,+++,++,ND,+,+++,ND
Justin Mill Road #1  Block 5 8/25/20,Justin,Vineyards,Post Aplication End of Season,Control,0,,38-20-42,,3.5,6.5,16.5,,15,285.9,719.4,2761.8,128.3,2.4,25.8,3.9,20.8,1.6,3.2,26.4,60.7,4.5,5,21.6,384.9,69.7,239.6,1.6,1,,,23.8,28,69,141,399,119,33,108,25,1.6,0.01,230.4,27.8,55,230.4,1.2,192,7.9,5,,,,,,,,,,,,,,,,
Justin Mill Road #2 Block 5 8/25/20,Justin,Vineyards,Post Aplication End of Season,Novihum,1000,,40-20-40,,4.5,6.4,18.4,,17.3,379.7,683.8,3196.1,501.9,2.9,30.6,4.5,25.5,2.1,3.9,22.7,63.6,3.7,6,23.6,1505.7,57.5,216.5,2.6,1,,,37,44,114,174,550,124,36,96,32,2.8,4.78,272.6,36.1,99,272.6,1.3,209.7,12.8,8,,,,,,,,,,,,,,,,
Justin Mill Road #3 Block 6 8/25/20,Justin,Vineyards,Post Aplication End of Season,Novihum,1000,,62-8-33,,4,6.6,21.9,,17.9,210.9,348.3,2352.1,183.2,2.1,15.3,4,18.1,1.7,3.3,17.5,70.9,4.2,4,15.9,549.6,48.6,161.7,1.4,1,,,24.5,31,76,85,394,115,27,76,18,2.4,3.21,317.3,25.6,50,317.3,5.2,61,8.7,11,,,,,,,,,,,,,,,,
Justin Mill Road #4 Block 8 8/25/20,Justin,Vineyards,Post Aplication End of Season,Novihum,1000,,54-16-30,,2,6.3,19.4,,24.6,280.4,330.4,2170.5,207,2,21.9,3.2,16.8,1.3,4.5,17.4,68.5,2.5,7,14.7,621,47.8,93.6,1.4,1,,,58.8,66,157,144,450,90,36,100,15,2.1,7.07,275.7,22.4,62,275.7,5.3,52,9.5,14,,,,,,,,,,,,,,,,
Justin Mill Road #5  Block 8 8/25/20,Justin,Vineyards,Post Aplication End of Season,Control,0,,60-18-22,,2,5.9,34.7,17.8,,178.8,152.8,2082.4,446.5,4.9,29,7.9,55,1.1,3.3,9,73.9,2.7,11,12.5,1339.5,22.1,89,2.5,1,,,28.8,37,84,62,484,71,49,65,29,2.9,5.68,297.3,35.4,38,297.3,3.5,84.9,7.1,9,,,,,,,,,,,,,,,,
Mid South Family Farms Check 1st Plot,Mid South,Cotton,Pre-Novium Aplication 12-26-19,Control,0,,58-30-12,est,1.7,7.8,8.6,,5,158.1,244.9,964.1,5,0.01,8.6,0.8,33.3,0.3,5.6,28,66.1,0.2,0,7.3,15,3.1,4.3,0.1,1,,,17.7,22,108,105,348,7,77,46,9,1.5,0.7,145.1,12.7,40,145.1,2.2,66,5.7,7,,,,,,,,,,,,,,,,
Mid South Family Farms Check 2nd Plot,Mid South,Cotton,Pre-Novium Aplication 12-26-19,Control,0,,58-30-12,est,2.3,7.9,0.8,,4.3,191.9,284,1260.1,0.1,0.01,10.3,0.9,38.5,0.4,5.4,25.8,68.6,0.1,0,9.2,0,11.9,2.9,0.2,1,,,16.7,19,66,100,308,6,66,44,13,1.2,0.34,124,15.6,184,124,1.4,88.6,19.8,5,,,,,,,,,,,,,,,,
Mid South Family Farms 300 lb left side 2nd plot,Mid South,Cotton,Pre-Novium Aplication 12-26-19,Novihum,300,,58-30-12,est,1.7,8.1,0.4,,2.7,202.6,245.4,1075.7,9.3,0.01,7.7,0.8,39,0.3,6.5,25.7,67.6,0.1,0,8,27.9,6.6,2.2,0.1,1,,,13.1,15,111,99,334,5,58,39,11,0.9,0.28,114.9,13.7,66,114.9,1.8,63.8,7.9,5,,,,,,,,,,,,,,,,
Mid South Family Farms 300 lb right side 2nd plot,Mid South,Cotton,Pre-Novium Aplication 12-26-19,Novihum,300,,58-30-12,est,2.3,6.9,1,,6.6,250,208.1,1079.4,9.8,0.01,14.1,1,61.6,0.2,8.2,22.1,68.6,0,1,7.8,29.4,0.6,1.5,0.1,1,,,16.7,19,63,71,325,6,62,38,17,1.2,0.65,150,19.1,102,150,0.9,166.7,11.8,4,,,,,,,,,,,,,,,,
Mid South Family Farms 600 lb 1st plot,Mid South,Cotton,Pre-Novium Aplication 12-26-19,Novihum,600,,58-30-12,est,2,7.4,1.5,,1.8,238.5,240.1,1081.1,4,0.01,9.6,0.7,36.8,0.3,7.6,24.8,67,0.5,0,8.1,12,,11.1,0.1,1,,,11.7,14,105,70,304,6,49,32,11,1.2,0.36,106.2,13.2,111,106.2,1,106.2,12.3,4,,,,,,,,,,,,,,,,
Mid South Family Farms 600 lb 2nd plot,Mid South,Cotton,Pre-Novium Aplication 12-26-19,Novihum,600,,58-30-12,est,2,7.9,0.6,,1.7,205.8,285.7,1184.2,0.1,0.01,7,0.8,28.7,0.3,5.9,26.8,66.7,0.5,0,8.9,0,0.01,10.8,0.1,1,,,,,,,,,,,,,,,,,,,,,,,,,,,,,,,,,,,,,
Mid South Family Farms 1200 lb 1st plot,Mid South,Cotton,Pre-Novium Aplication 12-26-19,Novihum,1200,,58-30-12,est,1.6,7.7,0.9,,1.6,169.4,236.3,920.5,12.8,0.01,6.5,0.7,27.9,0.2,6.2,28.1,65.6,0.1,0,7,41.4,0.1,2.1,0.1,1,,,12.6,15,91,89,320,6,51,36,12,1.1,0.17,114.8,13.7,64,114.8,0.6,191.3,7.6,3,,,,,,,,,,,,,,,,
Mid South Family Farms 1200 lb 2nd plot,Mid South,Cotton,Pre-Novium Aplication 12-26-19,Novihum,1200,,58-30-12,est,2.2,8,1.2,,2.6,239.3,298.8,1416.2,0.1,0.01,8.2,0.9,36.4,0.4,6,24.4,69.4,0.1,0,10.2,0.3,0.6,4,0.2,1,,,16.5,19,120,114,333,10,76,51,13,1.3,0.27,145.5,15.2,53,145.5,0.9,161.7,6.8,4,,,,,,,,,,,,,,,,
Mid South Family Farms Check 1st Plot,Mid South,Cotton,Mid-growth 8-20-20,Control,0,,58-30-12,,2.5,7.9,13.7,,9.9,134.8,208.4,1005.2,13.6,BDL,10,0.9,26.4,0.5,4.8,24.3,70.2,0.5,0,7.2,40.8,22.8,9.7,0.2,1,,,13.5,18,52,69,275,9,46,29,4,1.2,0.19,145.6,9.5,19,146.6,4.3,33.9,3.8,7,,,,,,,,,,,,,,,,
Mid South Family Farms Check 2nd Plot,Mid South,Cotton,Mid-growth 8-20-20,Control,0,,58-30-12,,2.2,7.9,11.9,,6.1,162.2,203.5,993.2,14.1,BDL,8,0.07,24.7,0.4,5.9,23.9,70,0.1,0,7.1,42.3,16.8,2.7,0.2,1,,,13.7,18,66,75,294,8,53,30,3,1.5,0.61,217.1,12.1,11,217.1,7.6,28.6,4,6,,,,,,,,,,,,,,,,
Mid South Family Farms 300 lb left side 2nd plot,Mid South,Cotton,Mid-growth 8-20-20,Novihum,300,,62-28-10,,2.1,7.5,49.4,,3.8,154.2,202.2,1020.1,33.7,BDL,8.6,0.8,23.9,0.4,5.5,23.4,70.7,0.3,0,7.2,101.1,40.5,5.6,0.6,1,,,16.3,21,103,100,366,14,58,38,27,2.7,0.4,186.1,31.6,18,186.1,1.9,98,3.9,7,,,,,,,,,,,,,,,,
Mid South Family Farms 300 lb right side 2nd plot,Mid South,Cotton,Mid-growth 8-20-20,Novihum,300,,62-28-10,,1.3,7.6,36.5,,2.4,164.3,198.4,940.3,5.7,BDL,7.5,0.7,22.1,0.9,6.2,24.4,69.2,0.1,0,6.8,17.1,24.5,2.4,0.5,1,,,15.7,20,87,79,301,8,47,30,18,1.7,0.69,159.3,20.7,43,159.3,1,159.3,6,5,,,,,,,,,,,,,,,,
Mid South Family Farms 600 lb 1st plot,Mid South,Cotton,Mid-growth 8-20-20,Novihum,600,,58-32-10,,2.1,7.8,19.4,,5.8,125.8,196.6,1056.7,BDL,BDL,12.1,1,30.3,0.7,4.4,22.6,72.8,0.1,0,7.3,BDL,12.5,2.5,0.2,1,,,13.1,18,60,73,304,7,47,31,6,2.4,0.5,225.5,15.1,34,225.5,6.7,33.7,6.3,13,,,,,,,,,,,,,,,,
Mid South Family Farms 600 lb 2nd plot,Mid South,Cotton,Mid-growth 8-20-20,Novihum,600,,56-32-12,,1.5,7.8,8.7,,4.2,123.1,188.7,1005.1,BDL,BDL,11.2,1,31.1,0.8,4.6,22.7,72.5,0.1,0,6.9,BDL,7.5,2.4,0.2,1,,,21.3,27,106,85,378,8,66,34,6,2.3,1.5,228.9,14.9,40,228.9,6.6,34.7,6.9,14,,,,,,,,,,,,,,,,
Mid South Family Farms 1200 lb 1st plot,Mid South,Cotton,Mid-growth 8-20-20,Novihum,1200,,60-30-10,,2.5,7.6,18.5,,6.4,190.1,202.3,962.2,9.6,BDL,11.3,1,31.8,0.7,7,24.1,68.6,0.3,0,7,28.8,12.8,5.1,0.3,1,,,14.3,19,90,86,330,7,52,31,27,1.7,0.25,168.1,30.5,17,168.1,1.8,93.4,3.6,5,,,,,,,,,,,,,,,,
Mid South Family Farms 1200 lb 2nd plot,Mid South,Cotton,Mid-growth 8-20-20,Novihum,1200,,60-30-10,,1,7.6,33.6,,6.3,188.7,196.6,977.8,7.5,BDL,12.2,1,35.1,0.6,6.9,23.3,69.6,0.1,0,7,22.5,13.1,1.9,0.3,1,,,14.8,20,90,106,378,7,53,34,60,2.4,0.19,195.4,63.7,43,195.4,1.3,150.3,6.4,7,,,,,,,,,,,,,,,,
Mid South Family Farms Check 1st Plot,Mid South,Cotton,After Harvest 12-29-20,Control,0,,50-32-18,,2.4,7.7,7.1,,10,184.3,229.2,984.4,BDL,0.03,7.7,1.1,32.8,0.5,6.5,26.1,67.3,BDL,0,7.3,BDL,10.7,BDL,0.3,1,,,26,31,153,128,334,8,107,58,5,3.4,1.22,286.9,24.9,82,286.9,16.5,17.4,12.7,40,,,,,,,,,,,,,,,,
Mid South Family Farms Check 2nd Plot,Mid South,Cotton,After Harvest 12-29-20,Control,0,,54-28-18,,1.8,7.6,7,,14,141.1,208,960.6,BDL,0.5,10.6,1.2,36.4,0.4,5.2,25.1,69.5,1.34,0,6.9,BDL,12.2,1.3,0.2,1,,,23,26,119,112,341,9,92,51,5,2.3,1.09,208.5,18.8,40,208.5,11.5,18.1,7.2,22,,,,,,,,,,,,,,,,
Mid South Family Farms 300 lb left side 2nd plot,Mid South,Cotton,After Harvest 12-29-20,Novihum,300,,54-30-16,,2.3,7.6,5.3,,10.5,180.2,238.6,267.7,BDL,0.5,9.2,1.4,36.1,0.5,6.3,27.2,66.1,0.3,0,7.3,BDL,8.9,5.8,0.2,1,,,18,22,115,96,345,8,73,44,5,2.7,0.97,251.2,22.5,43,251.2,14.8,17,8.3,26,,,,,,,,,,,,,,,,
Mid South Family Farms 300 lb right side 2nd plot,Mid South,Cotton,After Harvest 12-29-20,Novihum,300,,58-26-16,,2.1,7.7,2.8,,11.2,126.5,223.1,861.8,BDL,0.7,7.1,1.5,40.2,0.5,5,28.6,66.3,BDL,0,6.5,BDL,9.2,BDL,0.2,1,,,21,24,98,98,369,7,81,43,4,2.2,1.47,211,17.7,51,211,11.5,18.4,8.4,27,,,,,,,,,,,,,,,,
Mid South Family Farms 600 lb left,Mid South,Cotton,After Harvest 12-29-20,Novihum,600,,62-22-16,,2.2,7.7,5.1,,9.4,167,237.3,989.3,3.7,0.5,11.2,1.4,39.3,0.5,5.8,26.9,67.2,1.57,0,7.14,11.1,13.5,1.6,0.3,1,,,19,23,138,101,355,8,83,47,6,2.9,1.16,275.3,25.7,71,275.3,16.8,16.4,11.5,39,,,,,,,,,,,,,,,,
Mid South Family Farms 600 lb right,Mid South,Cotton,After Harvest 12-29-20,Novihum,600,,54-28-18,,2.2,7.6,6.5,,25.4,137.9,203.4,853.4,5.6,0.5,8.4,1.3,38.4,0.6,5.6,26.8,67.5,0.33,0,6.3,16.8,16.2,0.3,0.3,1,,,25,30,107,110,355,9,92,50,5,3.2,1.85,281.4,23.6,53,281.4,15.4,18.3,9.7,30,,,,,,,,,,,,,,,,
Mid South Family Farms 1200 lb left,Mid South,Cotton,After Harvest 12-29-20,Novihum,1200,,54-28-18,,2.1,7.9,8.9,,13.7,168.9,209.8,883.6,BDL,0.8,12.7,1.4,44.1,0.6,6.6,26.5,66.8,0.1,0,6.6,BDL,11.2,2.3,0.3,1,,,16,20,108,90,315,9,70,43,5,2,0.8,208.4,19.1,51,208.4,12.1,17.2,8.4,28,,,,,,,,,,,,,,,,
Mid South Family Farms 1200 lb right,Mid South,Cotton,After Harvest 12-29-20,Novihum,1200,,56-26-18,,2.1,7.6,5.6,,12.1,158.1,217.1,921.3,1.8,1.1,11.2,1.4,36.2,0.6,5.9,26.5,67.5,BDL,0,6.8,5.4,11.4,0.4,0.3,1,,,33,38,127,117,349,11,102,53,6,3.4,2.13,299.7,25.9,57,299.7,16.5,18.2,10.3,32,,,,,,,,,,,,,,,,
Hall 1/22/2020,Hall,Vineyards,Pre-Novium Aplication,Control,0,,20-26-54,,4.5,7.8,0.1,,3.1,216.2,393.5,2192.6,197.4,4.2,11.7,3.6,39.3,1.3,3.6,21.5,71.9,2.8,0,15.2,592.2,2.3,99.9,0.1,1,,,,5,3,253,180,12,50,81,1,0.7,1.12,183.2,2,19,183.2,0.3,610.7,3.8,2,,,,,,,,,,,,,,,,
Hall 1/22/2020,Hall,Vineyards,Pre-Novium Aplication,Novihum,1500,,22-28-50,,4.9,7.6,0.01,,0.2,191.4,257.8,2168.9,0.01,2.3,11.3,3.1,18.9,1.4,1.5,65.1,32.9,0.4,0,33,0.01,6.1,351,0.2,1,,,,10,53,352,231,16,73,111,2,0.5,2.13,186.1,5.7,44,186.1,3.2,58.2,6.6,7,,,,,,,,,,,,,,,,
Matthews Ridgeview PC1  5/7/20,Mathews,Sweet potato,Pre-Novium Aplication,Control,0,,14-66-20,,1.9,6,8.9,,10.1,82.9,161.4,941.5,13,0.6,91.9,0.8,48.2,0.1,3,19.2,67,0.7,10,6.3,39,45.4,12.4,0.8,1,,,8.7,11,22,44,220,13,50,53,9,1,0.81,132.5,14.8,102,132.5,4.8,27.6,12,12,,,,,,,,,,,,,,,,
Matthews Ridgeview PC1 NH 5/7/20,Mathews,Sweet potato,Pre-Novium Aplication,Novihum,300,,18-70-12,,1.8,6.1,8.3,,13.8,114.1,258.6,1305.8,4,0.3,116,0.8,52.5,0.1,2.9,21.6,65.4,0.9,9,9.1,12,63.4,22.5,0.9,1,,,Not enough Sample,,,,,,,,,,,,,,,,,,,,,,,,,,,,,,,,,,
Matthews Ridgeview PC1  7/15/20,Mathews,Sweet potato,Mid-Growth,Control,0,,10-72-18,,0.8,6.7,24.4,,13.8,103.2,226.9,1239.7,40.9,8.3,65.4,2.4,79.3,0.4,3,21.6,70.8,1.5,3,8.5,122.7,38.9,30.2,0.4,1,,,Not enough Sample,,,,,,,,,,,,,,,,,,,,,,,,,,,,,,,,,,
Matthews Ridgeview PC1 NH 7/15/20,Mathews,Sweet potato,Mid-Growth,Novihum,300,,8-80-12,,1.5,6.5,22.2,,11.1,71.8,147.6,986.6,42.8,4.4,96.1,2.1,11.2,0.2,2.7,18.1,72.4,1.7,5,6.5,128.4,19.9,27.7,0.5,1,,,Not enough Sample,,,,,,,,,,,,,,,,,,,,,,,,,,,,,,,,,,
Matthews Ridgeview PC1  2/12/20,Mathews,Sweet potato,Mid-Growth,Control,0,,8-68-24,,1.7,7.5,1.5,,11.8,92.2,230.1,1096.6,2.3,1.9,25.4,0.8,25.7,0.2,3.1,24.8,70.9,1.2,0,7.7,6.9,19.7,22.1,0.2,1,,,8.1,12,43,54,265,17,54,58,2,3.8,0.79,290.8,18.9,119,290.8,13.1,22.2,16.1,34,,,,,,,,,,,,,,,,
Matthews Ridgeview PC1 NH 2/12/20,Mathews,Sweet potato,Mid-Growth,Novihum,300,,6-74-20,,2,7.3,2.8,,19,63.2,207.1,1166.1,BDL,2.1,26.3,1.1,52.8,0.2,2.1,22.3,75.2,0.3,0,7.7,0,10.8,6.6,0.2,1,,,24.4,31,36,64,352,12,114,46,3,4,3.57,285.1,20.8,99,285.1,13.8,20.7,14.1,36,,,,,,,,,,,,,,,,
Matthews Ridgeview MK3  5/7/20,Mathews,Sweet potato,Pre-Novium Aplication,Control,0,,10-70-20,,2.3,5.7,9.4,13.5,,85.6,211.2,1171.6,7.9,1.5,119.3,1.7,97.9,0.1,2.4,19.4,64.4,0.7,13,7.9,23.7,73.1,15.7,1,1,,,12.5,15,26,41,189,10,60,25,11,2,2.09,208,21.4,154,208,8.4,24.8,18.3,21,,,,,,,,,,,,,,,,
Matthews Ridgeview MK3 NH 5/7/20,Mathews,Sweet potato,Pre-Novium Aplication,Novihum,300,,12-74-14,,2.1,6.1,7,,8.2,210.8,162.1,1250.9,24.2,0.9,95.8,1,48.7,0.1,5.9,14.8,68.4,1.8,9,8.3,72.6,76.4,38.4,0.9,1,,,4.2,6,23,41,195,9,28,22,12,1.4,0.53,162.5,19.7,127,162.5,6.3,25.8,15,15,,,,,,,,,,,,,,,,
Matthews Ridgeview MK3  7/15/20,Mathews,Sweet potato,Mid-Growth,Control,0,,8-76-16,,1.1,6.6,25,,8.2,76.4,196.2,1223,33.6,4.3,75.2,2.9,114,0.1,2.3,19.4,72.5,1.7,4,8.1,100.8,36.1,34.1,0.5,1,,,Not enough Sample,,,,,,,,,,,,,,,,,,,,,,,,,,,,,,,,,,
Matthews Ridgeview MK3 NH 7/15/20,Mathews,Sweet potato,Mid-Growth,Novihum,300,,10-78-12,,1.3,6.5,17.6,,11.1,67.4,176.7,1144.6,21.3,7,66,2.4,93.5,0.1,2.2,18.8,73,0.9,5,7.4,63.9,50.4,16.7,0.4,1,,,Not enough Sample,,,,,,,,,,,,,,,,,,,,,,,,,,,,,,,,,,
Matthews Ridgeview MK3  2/12/20,Mathews,Sweet potato,Pre-Novium Aplication,Control,0,,4-72-24,,1.8,7.2,3.8,,24.2,76,290.4,1466.3,1.3,2.2,22.3,1.3,43.1,0.1,1.9,24.1,73,0.9,0,10,3.9,22.1,21.9,0.2,1,,,16.4,23,32,66,324,16,93,51,2,2.8,1.42,250.5,17.1,111,250.5,12.3,20.4,14.8,30,,,,,,,,,,,,,,,,
Matthews Ridgeview MK3 NH 2/12/20,Mathews,Sweet potato,Pre-Novium Aplication,Novihum,300,,6-74-20,,2,7,6.8,,15.9,85.8,223.8,1181.2,5.1,2.3,26,1.2,43.4,0.2,2.7,23.1,73.2,0.9,0,8.1,15.3,26.3,17.3,0.2,1,,,10.3,15,39,58,300,11,65,41,4,3.9,2.01,339.7,25,143,339.7,17.1,19.9,19.4,42,,,,,,,,,,,,,,,,
Sunridge Camanche New Planting 5/18/20,Sunridge,Vineyards,Pre-Novium Aplication,Control,0,,60-18-22,,2.1,8,16.8,,8,155.6,226.6,2934.7,16.5,6.1,21.7,3.1,12.9,1.6,2.3,11,85.1,1.5,0,17.2,49.5,2.7,61.1,0.5,1,,,92,100,93,98,886,64,18,84,21,3.1,1.3,265.6,35.6,53,265.6,11.5,23.1,9.1,25,,,,,,,,,,,,,,,,
Sunridge Camanche New Planting 5/18/20,Sunridge,Vineyards,Pre-Novium Aplication,Novihum,300,,54-20-26,,2.3,8.1,16.1,,6,131.6,173.5,2629.8,34.1,11.7,25,3.6,13.3,2.1,2.2,9.5,86.7,1.4,0,15.2,102.3,2.7,50.9,0.5,1,,,119.3,133,81,110,1174,64,17,103,19,1.7,1.57,201.3,28.1,38,201.3,7.4,27.2,6.6,15,,,,,,,,,,,,,,,,
Surdul Sihota North East  10/28/19,Surdul,Almods,Pre-Novium Aplication,Control,0,,84-8-8,est,1.1,6.2,73.7,,11.1,52.5,58.9,576.6,5.1,1.4,9.5,1.3,14.5,0.1,3.4,12.5,73.5,2.4,8,3.6,15.3,18.1,22,0.8,1,,,,,,,,,,,,,,,,,,,,,,,,,,,,,,,,,,,,,
Surdul Sihota North West  10/28/19,Surdul,Almods,Pre-Novium Aplication,Control,0,,84-8-8,est,0.8,7.6,7.6,,9.6,54.7,63,866.6,8,1.1,15,1,14.2,0.1,2.8,10.3,85.2,1.6,0,5.1,24,13.3,18.9,0.2,1,,,NA,,,,,,,,,,,,,,,,,,,,,,,,,,,,,,,,,,
Surdul Sihota South East  10/28/19,Surdul,Almods,Pre-Novium Aplication,Control,0,,84-8-8,est,1.3,5.4,9.6,9.8,,33.7,52.8,538.7,0,2.6,27.2,2,47,0,2.2,11.3,68.9,1.5,16,3.3,0,12.5,14.2,0.2,1,,,NA,,,,,,,,,,,,,,,,,,,,,,,,,,,,,,,,,,
Surdul Sihota South West  10/28/19,Surdul,Almods,Pre-Novium Aplication,Control,0,,84-8-8,est,0.9,7.8,18.3,,15.2,87.4,108.7,1186,10.4,1.3,5.9,1,15.8,0.1,3.1,12.6,82.6,1.6,0,7.2,31.2,19.6,26.9,0.4,1,,,NA,,,,,,,,,,,,,,,,,,,,,,,,,,,,,,,,,,
Surdul Sihota  6-5-20,Surdul,Almods,Mid-growth,Control,0,,84-8-8,,1.2,6.8,64.6,,26.9,169.9,86.4,787.8,9.8,2.2,13.4,1.2,16.8,0.6,8.3,13.7,74.9,1,2,5.2,29.4,0.1,13.1,1.2,1,,,52,59,109,39,267,10,20,21,67,4.3,8.47,172.5,72.3,25,172.5,1,172.5,4.3,10,,,,,,,,,,,,,,,,
Surdul Sihota back 340 lbs/acre 6-5-20,Surdul,Almods,Mid-growth,Novihum,340,,78-14-8,,1,6.7,82.3,,28.3,134.5,66.3,755.4,31.6,0.9,11.4,1.1,17.6,0.3,7,11.1,76.1,2.7,3,4.8,94.8,15.4,30.9,1.5,1,,,77.5,108,110,63,394,34,22,36,96,1.2,10.77,132.4,98.1,25,132.4,0.09,147.1,3.9,4,,,,,,,,,,,,,,,,
Surdul Sihota front 340 lbs/acre 6-5-20,Surdul,Almods,Mid-growth,Novihum,340,,86-6-8,,1.2,7.1,13.4,,32.9,173.3,110.1,1045.7,13.2,2.8,11.5,1.2,19.8,0.6,6.6,13.6,77.5,2.2,0,6.7,39.6,14.2,34.1,0.7,1,,,55.6,64,73,42,315,17,21,23,12,1,6.57,146,17.4,44,146,4.4,33.2,6.3,11,,,,,,,,,,,,,,,,
Surdul Sihota back 1500 lbs/acre 6-5-20,Surdul,Almods,Mid-growth,Novihum,1500,,76-16-8,,1,7.6,8.3,,52.5,120.6,93.6,772.9,4.7,1.3,8.2,0.8,16.7,0.5,6.1,15.5,76.7,1.6,0,5,14.1,0.4,18.7,0.6,1,,,65.5,84,88,56,364,19,16,28,14,1,11.96,143.8,20.4,37,143.8,5.4,26.6,5.7,13,,,,,,,,,,,,,,,,
Surdul Sihota  8/27/20,Surdul,Almods,Mid-growth Fall,Control,0,,64-18-18,,1.1,6.6,75,,15.8,249.6,94.7,922.5,25.1,5.2,24.5,1.3,22.6,0.8,10.1,12.5,73.1,0.1,4,6.1,75.3,7.3,2.8,1.4,1,,,14.5,18,47,56,329,15,24,43,25,1.6,13.47,167.5,30,53,167.5,3.4,49.3,7.3,10,,,,,,,,,,,,,,,,
Surdul Sihota back 340 lbs/acre 8/27/20,Surdul,Almods,Mid-growth Fall,Novihum,340,,80-14-6,,1.5,6.5,241.9,,19.6,258,119.2,1095.6,77.7,2.7,15.5,1.4,21.2,0.5,8.6,12.9,71.1,2.3,5,7.3,233.1,16.7,40.9,2.3,1,,,71.4,75,105,58,377,32,27,29,76,3.7,6.45,201.7,81.5,13,201.7,1.8,112.1,3.5,8,,,,,,,,,,,,,,,,
Surdul Sihota front 340 lbs/acre 8/27/20,Surdul,Almods,Mid-growth Fall,Novihum,340,,78-14-8,,2,6.8,50.8,,15.1,109.2,55.6,737.1,BDL,4.2,9.8,1.1,21,0.2,6.1,10.1,80.2,1.5,2,4.5,BDL,7,16.7,0.5,1,,,68.6,73,160,71,392,43,16,23,178,12.3,3.82,140.5,191.8,8,140.5,1.5,93.7,2.4,25,,,,,,,,,,,,,,,,
Surdul Sihota back 1500 lbs/acre 8/27/20,Surdul,Almods,Mid-growth Fall,Novihum,1500,,78-14-8,,1.7,7,28,,47.1,103.7,84,987.4,BDL,3.5,7.9,1.1,17,0.4,4.4,11.7,82.5,1.2,0,6,BDL,4.7,17.4,0.4,1,,,74.8,86,66,66,358,28,30,57,25,1.6,6.48,115,28.2,7,115,1.6,71.9,2,4,,,,,,,,,,,,,,,,
Cherry Creek CCO Tomato 7/17/20,Cherry,Orchard,Mid-growth,Control,0,,52-22-26,,1.5,7,15.4,,22.7,114.9,97.8,1690.9,14.2,2,71.1,2.1,102.9,0.5,3.1,8.5,87.9,0.5,0,9.6,42.6,,12.4,0.4,1,,,6.4,9,50,26,387,9,48,58,6,2.3,1.11,192.4,14.4,40,192.4,6.1,31.5,6.5,15,,,,,,,,,,,,,,,,
Cherry Creek NHTRT Tomato 7/17/20,Cherry,Orchard,Mid-growth,Novihum,1200,est,50-12-38,,1.5,7,11.3,,16.1,164.6,208.9,1636.2,21.4,0.5,24.6,0.3,73.4,0.5,4.1,16.7,78.5,0.6,0,10.4,64.2,5.8,16.4,0.3,1,,,4,6,65,45,275,8,23,61,12,1.3,0.49,88.4,14.4,32,88.4,1.1,80.4,4.2,5,,,,,,,,,,,,,,,,
Wente Compost,Wente,Vineyards,Spring,Control,0,,46-30-24,est,5.1,7,19.6,,10.1,224.5,561.5,2399.7,136.1,3.9,39.8,1.1,30.1,1.2,3.3,26.9,68.9,0.8,0,17.4,408.3,30.4,33.3,1.6,1,,,15,20,95,184,435,21,27,65,16,2.9,3.49,476.5,33.4,64,476.5,14.5,32.9,12.6,21,,,,,,,,,,,,,,,,
Wente,Wente,Vineyards,Spring,Novihum,920,,44-30-26,,5.9,6.9,37.1,,13.2,313.2,531.9,2939.9,191.1,4.9,41.4,1,28.8,1,3.9,21.7,72,1.3,1,20.2,573.3,68,61.9,2.3,1,,,25.1,30,98,148,429,18,33,55,10,3.1,7.23,381.1,26.5,79,381.1,13.4,28.4,13.1,28,,,,,,,,,,,,,,,,
Wente Compost,Wente,Vineyards,Fall,Control,0,,46-30-24,,4.3,6.5,22,,11.8,199.1,596.5,3027.6,600.6,3.8,40.1,1.6,37.4,1.1,2.3,22.5,68.3,1.8,5,21,1801.8,68.6,94,2.8,1,,,25,32,87,224,575,70,55,91,20,1.7,2.31,262.1,26.3,99,262.1,4.6,57,13,13,,,,,,,,,,,,,,,,
Wente,Wente,Vineyards,Fall,Novihum,920,,44-30-26,,5.3,6.5,21.8,,24.9,230.3,409.3,2369.9,298,5.3,52.5,1.6,36.6,1,3.5,20.1,69.9,1.4,5,16.1,894,60.9,57,2,1,,,27.3,35,125,166,472,45,52,72,31,2.6,5.1,492.7,44.7,159,492.7,11.1,44.4,21.9,27,,,,,,,,,,,,,,,,
Booth Lemon 9-10-20,Booth,Lemon,Mid-growth After Aplication,Control,0,,82-10-8,,1.7,7.1,39.5,,13.1,118.7,179.7,1743.8,23.6,17.7,13.7,15.4,35.6,0.2,2.9,14.2,82.8,1,0,10.5,70.8,2.9,1,0.4,1,,,59.9,65,135,56,373,18,22,22,88,4.5,6.67,165.2,93.2,19,165.2,0.7,236,3.6,10,,,,,,,,,,,,,,,,
Booth Lemon 9-10-20 NH,Booth,Lemon,Mid-growth After Aplication,Novihum,600,,62-20-18,,1.2,6.8,47.7,,12.4,138.1,199.5,1859.7,BDL,15.5,15.8,12.9,27.6,0.2,3.1,14.4,80.5,0.8,2,11.3,BDL,8.2,0.9,0.6,1,,,18.1,22,65,66,386,17,30,52,44,1.6,6,158.2,45.9,20,158.2,0.3,527.3,3.6,4,,,,,,,,,,,,,,,,
Allen Ishida Lemon Young  9-10-20,Allen,Lemon,Mid-growth After Aplication,Control,0,,32-28-40,,8,7.9,23.5,,160,547,520.3,5260.6,51.2,10,11,16.2,12.6,1.7,4.4,13.5,81.7,0.4,0,32.2,123.6,13.3,31.1,0.6,3,,,44.3,51,96,115,931,17,9,67,16,1.2,3.29,171,19.8,24,171,2.6,65.8,4.4,5,,,,,,,,,,,,,,,,
Allen Ishida Lemon Young  9-10-20,Allen,Lemon,Mid-growth After Aplication,Novihum,1800,,28-30-42,,7.7,7.8,37.8,,14.1,525.7,475.6,5226.9,92.4,10.8,9.7,17.6,12.1,1.7,4.3,12.5,82.6,0.4,0,31.6,277.2,13.3,36,0.9,2,,,50.8,59,98,118,982,21,9,76,31,1.1,3.24,181,32.4,24,181,0.3,603.3,4.2,3,,,,,,,,,,,,,,,,
Allen Ishida Lemon Grafted  9-10-20,Allen,Lemon,Mid-growth After Aplication,Control,0,,30-28-42,,7.5,7.6,14.6,,18.1,618.4,522.8,550.3,99.1,10.7,12.1,18.3,15,1.6,4.7,12.9,82.1,0.3,0,33.8,297.3,18.4,23.5,1,3,,,41.5,50,91,115,937,14,9,65,24,1.1,4.44,169.6,26.6,29,169.6,1.5,113.1,4.7,4,,,,,,,,,,,,,,,,
Allen Ishida Lemon Grafted  9-10-20,Allen,Lemon,Mid-growth After Aplication,Novihum,1800,,30-32-38,,7.4,7.7,17.7,,18.3,561.9,495.4,5203,90.2,10.3,10.5,17.2,14.5,1.4,4.5,13,82.1,0.2,0,31.7,270.6,16.8,19.3,1,3,,,51.3,61,108,156,1464,17,9,76,36,1,4.54,159.9,38.5,30,159.9,1.5,106.6,4.7,4,,,,,,,,,,,,,,,,
Allen Ishida Orange 10-16-19,Allen,Orange,,Control,0,,44-30-26,,2.4,6.6,16.9,,12.6,196.3,370,1824.6,15.9,13.2,40.1,15.1,18.6,0.6,3.8,23.2,68.5,0.4,4,12.8,47.7,6.7,14.2,0.5,1,,43.9,17.9,22,86,107,323,19,24,89,19,1.7,1.66,100.7,22.7,31,100.7,2,50.4,4.3,7,,,,,,,,,,,,,,,,
Allen Ishida Orange 10-16-19,Allen,Orange,,Novihum,1200,,42-34-24,,2.7,6.5,25.5,,10,212,409,1954.9,14.7,14.8,46.5,17,14.9,0.7,3.7,23.5,67.2,0.5,5,13.8,44.1,6.5,18.5,0.6,1,,47.9,22.5,27,102,144,248,25,30,123,57,5.4,1.48,153.2,65.9,96,153.2,3.5,43.8,11.5,18,,,,,,,,,,,,,,,,
Allen Ishida Orange 5-4-20,Allen,Orange,Mid-growth After Aplication,Control,0,,44-24-32,est,3.9,6.6,22.6,,15.5,188.3,504.4,2392.9,<0.1,10.1,10.5,14.8,19.9,0.6,2.8,24.1,68.5,0.5,4,16.8,0,<0.1,22.9,0.1,1,,,14.1,16,71,95,415,16,34,101,7,1.4,2.02,151.3,13.1,44,151.3,4.7,32.2,6.4,12,,,,,,,,,,,,,,,,
Allen Ishida Orange 5-4-20,Allen,Orange,Mid-growth After Aplication,Novihum,1200,,44-24-32,,3.4,6.2,12.5,,14.9,182.8,395.5,2134.5,16.1,15.4,11.7,20.8,18.5,0.7,3,20.9,67.6,0.4,8,14.5,48.3,<0.1,15.4,0.1,1,,,20.2,23,78,88,430,18,30,89,9,1.1,2.93,164.3,15.8,46,164.3,5.7,28.8,6.8,14,,,,,,,,,,,,,,,,
Allen Ishida Orange 9-10-20,Allen,Orange,Mid-growth After Aplication,Control,0,,48-22-30,,3.8,6.8,28.7,,19.4,276.6,452.3,2408.8,5.1,13.7,17.8,20.2,18.3,0.6,4.2,22.2,70.9,0.6,2,16.6,15.3,2.7,23.8,0.6,1,,,22.9,28,84,97,383,21,26,91,36,1.8,2.9,198.6,39.5,50,198.6,1.7,116.8,7.2,7,,,,,,,,,,,,,,,,
Allen Ishida Orange 9-10-20,Allen,Orange,Mid-growth After Aplication,Novihum,1200,,44-24-32,,4,6.6,32.9,,30.6,277.5,537.6,2533.5,1.3,10.7,26.3,17.6,21.2,0.5,3.8,23.9,67.6,0.5,4,18,3.9,19.1,25.4,0.5,2,,,17.2,22,88,118,417,24,31,101,37,2.2,2.08,191.7,40.7,21,191.7,1.5,127.8,4.2,6,,,,,,,,,,,,,,,,
Triangle Homen Ranch 12-7-20,Triangle,Vineyards,Fallow,Control,0,,68-14-18,,1.7,7.4,37.7,,34.2,387.8,376.3,1802.9,261.8,2.3,8.5,2.9,11.1,1.5,7.1,22.3,64.1,6.4,0,14.1,785.4,155,209.1,2,1,,,82.3,96,197,187,498,147,22,108,31,2.1,6.55,300.4,31.2,18,300.4,28.1,10.7,7.6,18,,,,,,,,,,,,,,,,
Triangle Homen Ranch 12-7-20 750 lbs/acre,Triangle,Vineyards,Fallow,Novihum,750,,64-16-20,,1.7,7.4,50.4,,31.1,386,464,1787.7,207,2.7,7.8,2.4,10.5,1.6,6.6,25.8,59.5,8.1,0,15,621,160.4,279.9,2.2,1,,,62.9,79,122,160,418,126,16,90,43,2.2,6.59,226.3,55.7,14,226.3,10.5,21.6,4.7,10,,,,,,,,,,,,,,,,
Triangle Homen Ranch 12-7-20 1500 lbs/acre,Triangle,Vineyards,Fallow,Novihum,1500,,68-14-18,,1.5,7.6,41.1,,28.6,309,417.2,1677.7,152.3,2.4,8.9,3.1,11.3,1.5,5.8,25.6,61.7,6.7,0,13.6,456.9,146,211.2,1.7,1,,,74.3,89,131,177,411,127,19,103,30,1.6,5.17,187.6,40.1,29,187.6,8.5,22.1,5.6,14,,,,,,,,,,,,,,,,
Creekside Farms  12/1/20,Creekside,Wine Grapes,,Control,0,,48-24-28,,4,5.4,12.9,29.7,,370.7,623.8,1005.5,35.4,2,13.8,1.7,164.6,0.3,6.7,36.5,35.3,5.4,16,12,106.2,36.8,179.6,0.4,1,,,33.8,48,110,115,223,128,123,186,8,2.2,6.41,467.3,30.2,76,467.3,20,23.4,14.3,30,,,,,,,,,,,,,,,,
Creekside Farms  12/1/20,Creekside,Wine Grapes,,Novihum,750,,50-26-24,,3.3,7.8,30.7,,26.7,434.6,560.9,1176.9,22.1,2.5,7.5,0.8,46.9,1.6,8.3,34.7,43.6,13.3,0,13.5,66.3,83.6,414.2,0.9,1,,,67.1,79,173,217,386,201,75,117,42,2.8,14.23,421.2,74.3,35,421.2,29.5,14.3,10.7,25,,,,,,,,,,,,,,,,
Kreps Farms Home  12/3/20,Kreps,Pistachio,,Control,0,,64-16-20,,1.1,7.4,8.9,,16.6,105.6,210.1,1485.8,28.7,,4.1,0.8,11.2,0.5,2.8,18.1,76.6,2.5,0,9.7,86.1,25.8,56.3,0.3,1,,,28.5,34,53,73,289,44,23,70,8,0.9,3.08,101.1,12.6,10,101.1,3.7,27.3,2.4,5,,,,,,,,,,,,,,,,
Kreps Farms Home 1/2 12/3/20,Kreps,Pistachio,,Novihum,600,,54-28-18,,1.8,7.1,16.3,,21.4,133.7,155.6,848.7,10.3,0.2,11.8,1,16.2,0.8,5.5,20.9,68.3,5.2,0,6.2,30.9,73.2,75,0.4,1,,,30.2,36,76,60,306,62,28,59,14,0.8,5.53,119.9,19.1,18,119.9,4.3,27.9,3.4,7,,,,,,,,,,,,,,,,
Kreps Farms Home High 12/3/20,Kreps,Pistachio,,Novihum,1200,,68-14-18,,1.4,7.5,53.6,,26.8,132.9,196.6,3070,9.8,0.4,5.2,0.8,7.6,1.1,1.9,9.2,86.3,2.5,0,17.8,29.4,84,103.4,0.8,3,,,49.8,56,58,110,1376,74,11,70,51,1.1,2.84,142.4,55.4,9,142.4,3.3,43.2,2.7,4,,,,,,,,,,,,,,,,
Wine Group Almaden Cellars 12/3/20,Wine,Vineyards,Chard,Control,0,,64-18-18,,1.6,7.5,9.8,,20.9,100.7,103.8,1132.2,11.2,2,11.9,4.1,17.5,0.6,3.7,12.3,80.2,3.8,0,7.1,33.6,28.8,63.1,0.4,1,,,18.2,23,58,54,365,54,24,48,8,0.8,2.26,140,15.1,21,140,6.3,22.2,4.1,9,,,,,,,,,,,,,,,,
Wine Group Almaden Cellars 12/3/20,Wine,Vineyards,Chard,Novihum,625.00977,,66-18-16,,1.5,6.7,36.4,,27,183.7,94.8,912.5,94,3.9,21.8,4.8,25.4,0.8,7.3,12.2,70.4,7.1,30,6.3,282,70.1,105.8,1,1,,,23.7,30,91,49,362,72,28,34,31,1.4,4.23,144.4,37,24,144.4,4.6,31.4,4.3,9,,,,,,,,,,,,,,,,
Wine Group Almaden Cellars 12/3/20,Wine,Vineyards,Merlot,Control,0,,60-22-18,,1.4,7.2,19.7,,28.1,143.8,78.3,864,11.8,2.3,22.1,5.6,23.7,0.4,6.6,11.7,77.4,4.2,0,5.6,35.4,24.2,55.1,0.5,1,,,11.3,15,70,41,320,50,26,35,24,1.4,2.66,168.2,31.1,38,168.2,5.7,29.5,6.1,13,,,,,,,,,,,,,,,,
Wine Group Almaden Cellars 12/3/20,Wine,Vineyards,Merlot,Novihum,625.00977,,66-18-16,,1.4,6.9,43.8,,20.2,180.8,121.5,1409.6,90.8,3.5,20.4,5,17.3,1,5.1,11.2,78,4.6,1,8.9,272.4,78.6,96.2,1.2,1,,,47.2,56,111,69,412,82,34,53,50,1.5,6.77,192.9,59.9,32,192.9,8.4,23,6,14,,,,,,,,,,,,,,,,
